{"cameraMode":{"drawMode":0,"name":"Shaded","section":"Shading Mode"},"sceneLighting":true,"audioPlay":false,"sceneViewState":{"m_AlwaysRefresh":false,"showFog":true,"showSkybox":true,"showFlares":true,"showImageEffects":true,"showParticleSystems":true,"showVisualEffectGraphs":true,"m_FxEnabled":true},"in2DMode":false,"pivot":{"x":217.152587890625,"y":330.6202392578125,"z":-4.2064127922058109},"rotation":{"x":-0.00480955746024847,"y":0.005097126588225365,"z":-0.000024515096811228432,"w":-0.9999752044677734},"size":265.4684143066406,"orthographic":false}